ax,ay,az,gx,gy,gz,mx,my,mz,Yaw,Pitch,Roll,rate
-185.0,-121.89,766.11,-0.04,-0.11,0.05,50285,3099,2409,-115.58,-6.14,36.17,4.29
-186.28,-126.46,763.0,-0.02,-0.21,-0.12,50241,3086,2407,-103.25,14.84,-54.37,4.29
-185.61,-122.19,768.31,0.03,-0.04,-0.07,50246,3106,2413,-88.83,14.36,41.71,4.29
-182.37,-121.95,763.24,-0.08,-0.16,0.14,50274,3099,2420,-92.85,-5.89,-53.45,4.29
-184.63,-124.27,764.34,-0.02,-0.02,0.09,50244,3097,2414,-45.24,37.27,57.1,4.29
-185.79,-120.91,764.1,-0.02,0.04,-0.11,50262,3101,2428,-82.77,-27.2,-35.29,4.29
-186.52,-123.05,764.34,0.02,-0.04,-0.08,50260,3113,2423,-45.63,61.26,34.44,4.29
-182.31,-119.69,766.36,0.05,-0.05,0.05,50258,3101,2404,-107.83,-24.33,10.94,4.29
-157.17,-118.1,769.84,-0.04,-0.66,0.36,50235,3116,2409,-104.2,45.69,-37.23,4.29
-183.9,-121.95,765.2,0.07,-0.06,-0.02,50250,3102,2406,-119.2,-12.83,30.12,4.29
-184.57,-122.13,768.68,-0.07,0.02,-0.04,50271,3092,2409,-104.14,26.47,-50.98,4.29
-184.88,-122.8,767.88,-0.04,0.01,-0.05,50255,3108,2421,-106.47,1.28,37.21,4.29
-184.69,-122.38,768.19,0.06,-0.08,0.03,50255,3115,2404,-99.67,7.56,-54.69,4.29
-186.34,-121.89,766.48,-0.08,0.01,0.09,50262,3104,2404,-74.96,23.18,45.4,4.29
-184.81,-121.83,768.19,-0.03,-0.05,-0.03,50260,3113,2409,-88.56,-14.01,-49.53,4.29
-184.51,-122.99,767.33,-0.08,0.02,-0.09,50248,3101,2411,-32.13,44.48,60.91,4.29
-184.33,-123.9,771.3,-0.13,0.02,-0.08,50267,3102,2392,-85.19,-30.82,-21.45,4.29
-186.22,-121.64,768.43,0.12,0.03,-0.1,50244,3104,2407,-83.04,60.94,-5.48,4.29
-181.4,-121.64,767.88,0.0,-0.09,0.08,50251,3104,2411,-116.86,-21.61,18.91,4.29
-183.29,-124.51,769.53,-0.07,-0.14,-0.01,50239,3095,2413,-103.55,43.61,-43.69,4.29
-179.5,-119.87,769.35,0.0,-0.05,-0.02,50255,3108,2411,-119.73,-9.55,35.74,4.29
-183.23,-119.45,767.52,-0.07,-0.08,0.05,50258,3115,2404,-104.02,18.14,-53.06,4.29
-184.33,-121.83,764.65,-0.07,-0.02,0.08,50239,3109,2416,-94.55,10.24,39.71,4.29
-185.42,-123.35,768.31,0.07,0.01,-0.08,50246,3106,2413,-95.58,-1.2,-54.06,4.29
-187.74,-122.99,764.65,-0.05,0.01,0.11,50246,3106,2409,-55.1,33.15,52.98,4.29
-185.3,-123.23,765.93,-0.02,0.14,-0.09,50257,3106,2409,-84.05,-23.55,-41.12,4.29
-183.47,-120.48,766.78,-0.08,0.01,-0.02,50248,3115,2418,-32.54,55.76,51.25,4.29
-185.12,-123.41,765.87,0.01,-0.13,-0.05,50251,3097,2404,-99.19,-27.63,0.76,4.29
-186.95,-121.28,765.2,-0.03,-0.02,-0.04,50257,3113,2413,-104.85,52.77,-31.35,4.29
-186.34,-121.64,767.21,-0.02,-0.04,-0.01,50248,3111,2404,-119.44,-16.85,27.41,4.29
-182.43,-121.03,769.59,0.0,-0.04,0.01,50260,3095,2413,-105.67,32.17,-49.04,4.29
-186.22,-121.09,771.24,-0.05,0.04,0.0,50250,3106,2395,-111.75,-3.07,36.68,4.29
-185.91,-122.92,767.64,-0.06,-0.07,0.08,50251,3101,2414,-101.9,11.77,-54.47,4.29
-181.03,-119.87,768.01,0.08,-0.13,0.0,50255,3101,2428,-83.78,17.6,43.11,4.29
-187.87,-123.29,765.38,-0.04,-0.17,0.05,50253,3085,2413,-91.78,-8.46,-52.27,4.29
-184.08,-119.45,770.94,0.0,-0.11,0.04,50253,3109,2399,-40.43,39.22,59.41,4.29
-184.75,-121.77,765.08,-0.06,0.08,0.06,50246,3099,2416,-82.09,-29.12,-32.35,4.29
-187.87,-123.54,768.8,0.04,0.02,-0.04,50269,3108,2401,-55.45,62.96,23.2,4.29
-187.13,-123.29,766.24,-0.02,-0.04,-0.03,50262,3115,2407,-111.59,-22.56,13.95,4.29
-183.35,-121.7,767.4,-0.08,-0.04,-0.05,50244,3108,2404,-104.31,46.63,-40.12,4.29
-185.73,-120.54,766.6,-0.04,0.0,-0.03,50257,3109,2389,-120.06,-11.39,33.34,4.29
-184.08,-121.89,767.27,-0.01,-0.05,0.05,50253,3113,2413,-104.31,22.11,-52.32,4.29
-185.24,-122.5,767.09,-0.05,-0.01,-0.05,50250,3106,2423,-100.66,5.76,38.38,4.29
-184.63,-121.03,771.91,0.0,0.01,-0.05,50250,3120,2409,-97.52,3.03,-54.49,4.29
-186.83,-121.15,764.4,0.02,-0.04,0.02,50260,3106,2409,-65.0,28.55,49.0,4.29
-187.13,-122.99,766.72,-0.11,0.08,0.01,50280,3086,2407,-86.24,-18.95,-45.76,4.29
-187.62,-124.08,762.94,-0.05,-0.05,-0.02,50257,3109,2409,-28.06,50.1,59.24,4.29
-183.9,-119.63,768.19,-0.02,-0.09,-0.03,50251,3111,2414,-91.07,-30.36,-8.89,4.29
-186.34,-122.68,763.0,0.02,-0.08,-0.12,50237,3111,2418,-101.28,55.3,-25.02,4.29
-186.22,-121.03,769.17,-0.07,-0.08,0.11,50235,3092,2416,-118.55,-19.19,23.97,4.29
-185.49,-119.57,765.69,-0.01,0.04,-0.1,50255,3101,2414,-105.72,37.58,-46.8,4.29
-184.14,-125.18,765.93,0.06,-0.14,0.05,50241,3122,2401,-116.2,-6.82,35.48,4.29
-183.47,-119.69,766.36,0.0,0.04,-0.03,50273,3108,2407,-102.92,15.97,-53.55,4.29
-184.39,-121.4,768.37,-0.04,-0.14,0.02,50274,3106,2406,-91.29,12.6,40.55,4.29
-186.77,-122.8,765.44,-0.04,-0.08,-0.03,50246,3099,2413,-94.54,-3.33,-53.58,4.29
-184.69,-121.03,768.49,-0.05,0.05,0.05,50248,3097,2411,-50.98,34.88,54.92,4.29
-183.11,-120.61,766.11,-0.13,-0.12,-0.11,50250,3102,2402,-82.86,-25.67,-39.0,4.29
-183.59,-122.13,766.6,0.05,0.03,0.0,50255,3111,2425,-36.67,58.62,45.14,4.29
-185.61,-123.17,765.62,-0.02,-0.02,-0.11,50244,3093,2394,-103.33,-25.82,5.82,4.3
-184.69,-120.79,767.64,-0.08,0.06,-0.01,50255,3115,2411,-105.87,50.49,-34.81,4.29
-187.13,-120.12,766.54,-0.02,0.06,0.05,50255,3122,2421,-119.51,-14.93,29.54,4.29
-183.53,-121.15,764.34,-0.06,-0.04,-0.1,50250,3102,2406,-105.73,28.72,-50.35,4.29
-184.02,-120.42,766.24,0.07,0.02,-0.02,50257,3109,2402,-108.45,-0.43,37.33,4.29
-186.65,-122.68,767.03,-0.07,-0.08,-0.03,50266,3111,2404,-100.92,9.13,-54.65,4.29
-185.06,-121.52,766.05,-0.12,-0.05,0.03,50267,3106,2402,-78.0,21.28,44.68,4.29
-184.81,-120.73,764.28,-0.14,-0.05,0.0,50242,3113,2416,-89.44,-12.25,-50.63,4.29
-184.51,-123.23,762.82,-0.02,0.02,-0.13,50253,3095,2413,-34.18,42.9,60.66,4.29
-185.79,-119.32,767.21,-0.02,-0.07,0.05,50244,3125,2425,-83.93,-30.41,-24.64,4.29
-185.06,-123.6,766.72,-0.1,-0.14,-0.02,50257,3120,2413,-76.7,61.76,0.95,4.29
-185.55,-123.05,760.86,-0.03,0.06,-0.05,50242,3113,2409,-115.94,-21.41,17.06,4.29
-184.88,-121.28,765.01,-0.05,0.08,0.04,50267,3095,2392,-102.18,45.54,-41.65,4.29
-185.18,-120.36,769.41,0.07,-0.05,-0.18,50242,3113,2416,-120.28,-10.1,34.78,4.29
-183.59,-121.77,765.38,-0.05,-0.06,0.05,50250,3102,2416,-103.7,19.57,-53.02,4.29
-185.0,-123.35,768.49,0.08,-0.11,-0.12,50258,3093,2404,-97.19,8.42,39.09,4.29
-184.81,-122.07,767.88,-0.03,0.09,-0.02,50246,3113,2409,-96.31,0.55,-54.33,4.29
-185.85,-121.34,765.81,0.04,-0.11,-0.08,50258,3097,2414,-59.57,31.13,51.25,4.29
-184.39,-119.81,767.88,-0.1,0.03,0.07,50257,3102,2413,-84.47,-21.95,-43.31,4.29
-182.07,-119.63,766.97,-0.11,-0.01,-0.01,50258,3104,2414,-30.44,53.3,55.07,4.29
-185.55,-123.23,768.25,-0.02,0.05,0.02,50253,3106,2389,-95.71,-28.91,-3.72,4.29
-184.94,-121.22,770.81,-0.02,0.08,-0.04,50241,3108,2407,-102.73,54.12,-27.54,4.29
-183.53,-122.31,763.55,0.08,-0.27,-0.05,50246,3113,2399,-119.06,-18.45,25.01,4.29
-185.55,-123.41,765.08,-0.02,-0.02,-0.05,50269,3101,2401,-105.59,36.03,-47.97,4.29
-183.53,-123.11,766.11,-0.08,-0.02,-0.02,50242,3109,2416,-115.15,-5.67,36.29,4.29
-186.16,-121.34,768.8,-0.01,-0.02,0.06,50241,3104,2418,-102.82,14.37,-53.99,4.29
-183.78,-123.47,764.1,-0.02,-0.15,-0.02,50253,3092,2430,-88.43,14.65,41.23,4.29
-184.81,-120.48,767.33,0.0,-0.04,0.0,50257,3109,2416,-93.12,-5.53,-52.95,4.29
-186.1,-122.31,766.78,0.08,-0.18,0.02,50269,3115,2404,-46.32,37.02,56.43,4.29
-184.39,-121.95,764.47,-0.04,-0.02,-0.04,50257,3095,2409,-83.01,-26.95,-35.68,4.29
-184.39,-120.61,766.42,-0.08,-0.15,0.08,50246,3099,2392,-44.24,60.68,36.47,4.29
-184.51,-120.3,764.34,0.13,-0.02,-0.04,50235,3109,2416,-106.89,-24.62,9.33,4.29
-183.53,-123.72,768.92,0.02,0.06,0.02,50244,3097,2425,-105.51,49.01,-37.45,4.29
-182.98,-122.07,768.37,-0.03,-0.19,-0.02,50266,3108,2407,-120.23,-13.61,31.45,4.29
-183.65,-120.54,767.88,-0.03,-0.02,-0.04,50257,3106,2420,-105.25,25.86,-51.18,4.29
-185.12,-122.01,763.79,0.0,-0.02,-0.01,50269,3108,2414,-105.26,2.14,37.54,4.29
-183.78,-121.46,765.62,-0.02,-0.02,-0.04,50262,3115,2414,-99.37,6.62,-54.66,4.29
-185.97,-120.97,766.3,-0.02,0.08,0.01,50246,3102,2402,-72.91,24.32,46.25,4.29
-184.33,-123.11,768.68,-0.07,-0.1,-0.01,50264,3106,2395,-87.85,-15.3,-48.97,4.29
-183.65,-123.23,764.59,-0.02,0.02,-0.03,50250,3113,2416,-30.39,45.63,61.24,4.29
-184.94,-122.74,765.62,0.01,-0.1,-0.07,50246,3113,2413,-86.16,-30.83,-18.85,4.29
-182.56,-117.49,767.15,0.06,0.02,-0.04,50264,3102,2413,-87.85,59.4,-9.79,4.29
-187.38,-122.25,765.5,0.01,-0.05,-0.08,50273,3111,2407,-116.92,-21.29,18.26,4.29
-183.96,-121.95,767.27,-0.01,-0.05,-0.05,50255,3104,2394,-102.37,44.5,-42.59,4.29
-182.56,-121.83,768.07,-0.01,0.01,-0.03,50255,3108,2397,-120.15,-9.82,35.01,4.29
-185.0,-121.03,767.09,-0.01,0.14,0.0,50253,3102,2402,-103.74,19.25,-52.98,4.29
-185.3,-122.5,766.91,0.02,-0.08,0.02,50232,3106,2392,-96.52,8.87,39.23,4.29
-180.85,-122.86,767.03,-0.05,-0.04,-0.12,50246,3109,2416,-95.74,-0.33,-54.38,4.29
-176.27,-121.89,772.28,-0.07,-0.34,-0.3,50267,3106,2420,-59.4,31.1,51.42,4.29
-183.17,-120.54,764.04,0.04,-0.05,0.11,50244,3108,2407,-84.42,-22.01,-43.36,4.29
-186.71,-124.15,767.82,-0.05,-0.04,-0.18,50226,3108,2411,-29.44,53.73,55.25,4.29
-185.79,-125.0,764.4,-0.11,-0.02,0.04,50242,3109,2406,-96.31,-28.44,-2.49,4.29
-184.33,-121.64,769.17,0.03,-0.05,0.03,50253,3109,2399,-103.73,53.28,-28.81,4.29
-185.0,-122.07,767.52,0.0,-0.11,-0.05,50244,3104,2411,-118.94,-18.0,25.47,4.29
-185.67,-124.88,763.18,0.03,-0.09,0.02,50260,3099,2395,-105.76,35.17,-48.54,4.29
-184.75,-120.36,765.14,-0.01,0.06,-0.05,50248,3115,2414,-114.24,-4.82,36.83,4.29
-184.39,-123.66,767.58,-0.02,0.02,-0.01,50246,3124,2409,-102.39,12.96,-54.51,4.29
-186.65,-124.39,763.85,-0.06,-0.03,0.05,50250,3102,2406,-85.4,16.74,42.19,4.29
-186.58,-122.8,767.52,-0.01,-0.02,-0.08,50246,3120,2413,-92.11,-7.51,-52.52,4.29
-183.96,-123.9,768.19,0.02,0.05,-0.05,50267,3109,2416,-42.53,38.65,57.98,4.29
-187.01,-124.57,764.1,-0.02,-0.14,-0.1,50244,3111,2401,-83.2,-27.87,-33.11,4.29
-185.3,-122.25,767.03,-0.03,-0.14,-0.05,50257,3109,2416,-51.09,61.9,28.63,4.29
-182.98,-121.4,766.36,-0.02,-0.16,-0.14,50241,3111,2421,-109.64,-23.76,11.84,4.29
-187.93,-123.9,767.15,0.0,0.08,-0.1,50248,3101,2414,-105.22,48.43,-39.2,4.29
-187.81,-122.31,765.69,0.05,-0.1,0.02,50253,3095,2406,-120.31,-12.17,32.75,4.29
-185.73,-124.21,765.5,-0.08,-0.12,-0.06,50266,3097,2414,-104.82,23.46,-52.22,4.29
-183.17,-122.62,770.63,-0.04,-0.2,-0.12,50251,3108,2411,-102.62,4.2,38.35,4.29
-187.07,-123.11,765.69,-0.06,0.12,0.01,50246,3106,2409,-98.8,4.69,-54.78,4.29
-184.69,-122.68,764.71,-0.07,-0.02,0.0,50251,3111,2418,-68.63,26.57,47.82,4.29
-186.58,-120.97,765.99,-0.06,-0.06,-0.07,50262,3108,2397,-86.97,-17.22,-47.3,4.29
-186.04,-121.34,767.52,-0.02,0.08,-0.03,50264,3102,2395,-29.1,47.82,60.55,4.29
-185.67,-126.65,766.05,-0.09,-0.14,-0.02,50250,3116,2416,-88.63,-30.6,-14.67,4.29
-184.2,-120.73,767.21,-0.03,-0.09,-0.01,50267,3095,2402,-93.26,58.18,-16.11,4.29
-183.9,-124.27,764.4,-0.05,-0.01,0.06,50244,3111,2401,-118.05,-20.7,20.42,4.29
-186.71,-123.11,763.37,0.0,-0.06,0.08,50244,3104,2414,-103.61,42.43,-44.59,4.29
-186.58,-124.21,765.75,-0.03,0.01,-0.02,50246,3095,2416,-119.09,-8.62,35.36,4.29
-183.78,-120.48,766.66,-0.05,-0.07,-0.05,50232,3099,2423,-103.13,17.67,-53.34,4.29
-185.79,-123.35,767.76,-0.09,0.04,-0.07,50242,3113,2399,-94.14,10.67,39.65,4.29
-188.6,-126.22,763.12,0.01,-0.04,-0.05,50242,3106,2399,-95.81,-1.09,-54.14,4.29
-186.77,-124.94,765.69,-0.03,-0.13,-0.03,50248,3097,2407,-55.44,32.96,52.84,4.29
-185.18,-122.38,764.59,0.02,-0.2,-0.09,50244,3097,2411,-84.14,-23.42,-41.24,4.29
-186.34,-125.98,769.35,0.01,-0.02,-0.01,50239,3106,2416,-31.91,55.91,51.27,4.29
-190.37,-123.47,760.68,-0.13,0.02,-0.06,50262,3118,2418,-99.61,-26.65,1.16,4.29
-186.04,-122.31,768.25,-0.03,-0.02,0.09,50234,3101,2407,-104.36,52.21,-31.09,4.29
-187.07,-123.72,766.11,0.03,-0.2,0.08,50237,3101,2404,-119.37,-16.75,26.74,4.29
-185.97,-121.89,763.73,0.06,-0.06,-0.06,50241,3108,2401,-105.37,33.21,-48.85,4.29
-189.27,-123.66,762.08,-0.07,-0.11,0.01,50278,3113,2402,-112.59,-3.51,36.26,4.29
-186.83,-122.5,768.62,0.0,-0.04,-0.1,50257,3113,2392,-101.8,12.56,-54.36,4.29
-183.04,-124.08,768.01,0.11,-0.18,0.03,50253,3102,2395,-85.45,16.64,42.06,4.29
-186.34,-122.25,766.42,-0.05,-0.06,-0.09,50257,3120,2416,-92.29,-7.3,-52.4,4.29
-187.62,-123.54,767.03,0.05,-0.09,-0.07,50253,3088,2399,-42.43,38.73,57.98,4.29
-185.06,-122.07,764.47,-0.06,-0.02,-0.01,50242,3099,2413,-82.91,-28.18,-32.9,4.29
-187.62,-124.76,767.4,0.01,0.03,-0.04,50244,3118,2407,-52.05,62.42,27.03,4.29
-184.2,-123.23,767.09,0.04,0.02,-0.04,50250,3113,2423,-110.42,-23.15,12.87,4.29
-187.19,-125.67,765.38,-0.05,-0.01,-0.05,50242,3106,2413,-105.2,47.49,-40.27,4.29
-183.84,-122.86,766.6,-0.14,-0.02,-0.09,50241,3101,2414,-120.43,-11.85,33.36,4.29
-185.42,-122.5,767.58,-0.1,-0.08,0.0,50260,3106,2402,-104.75,22.6,-52.26,4.29
-184.02,-121.83,763.0,-0.02,-0.09,0.02,50257,3092,2420,-101.23,5.31,38.39,4.29
-185.18,-123.41,762.45,-0.07,-0.03,0.08,50257,3099,2406,-98.09,3.61,-54.76,4.29
-186.77,-123.78,768.74,0.09,-0.09,-0.04,50241,3101,2418,-66.2,27.86,48.69,4.29
-186.22,-121.4,764.59,-0.07,0.02,-0.06,50255,3104,2411,-86.35,-18.45,-46.34,4.29
-186.1,-123.41,764.83,0.05,0.07,-0.02,50232,3106,2399,-28.43,49.33,59.67,4.29
-187.19,-121.7,768.55,-0.05,0.01,-0.02,50250,3099,2399,-90.36,-30.16,-10.9,4.29
-186.4,-120.06,768.92,-0.07,-0.07,0.01,50276,3125,2401,-98.17,56.39,-21.19,4.29
-186.77,-124.02,764.89,-0.05,-0.02,-0.1,50271,3116,2389,-118.26,-19.96,21.62,4.29
-184.75,-124.08,766.48,-0.04,-0.06,-0.08,50260,3099,2409,-104.01,40.43,-45.68,4.29
-186.16,-122.8,764.71,-0.01,-0.08,0.02,50260,3116,2409,-117.98,-7.76,35.73,4.29
-185.97,-123.72,763.98,-0.02,-0.05,-0.04,50267,3116,2389,-103.26,16.72,-53.85,4.29
-183.78,-122.8,763.0,0.02,-0.04,-0.03,50267,3120,2416,-92.46,11.85,40.37,4.29
-185.79,-123.17,766.72,-0.02,-0.1,0.07,50237,3097,2401,-94.69,-2.83,-53.85,4.29
-184.33,-123.23,767.03,-0.1,-0.05,-0.01,50260,3113,2406,-52.09,34.42,54.27,4.29
-184.57,-122.62,767.27,-0.14,-0.06,-0.05,50257,3099,2416,-83.38,-24.96,-39.54,4.29
-185.91,-121.58,766.54,-0.02,0.03,0.0,50242,3113,2406,-34.87,57.89,47.39,4.29
-188.84,-125.79,765.87,-0.02,0.03,0.02,50248,3108,2414,-102.23,-26.04,4.2,4.29
-184.51,-123.6,765.38,-0.1,-0.06,-0.06,50242,3116,2406,-105.14,51.17,-33.78,4.29
-186.4,-124.63,762.51,0.01,0.0,0.03,50242,3109,2409,-119.89,-15.47,28.45,4.29
-185.49,-125.31,762.39,0.05,-0.02,0.05,50250,3113,2406,-105.11,30.44,-50.23,4.29
-186.89,-122.44,767.46,0.01,-0.05,-0.06,50266,3086,2404,-110.33,-1.58,37.16,4.29
-187.07,-121.64,765.01,-0.05,0.02,0.07,50246,3102,2399,-101.25,10.29,-54.65,4.29
-186.65,-124.02,761.78,0.07,-0.05,-0.02,50241,3097,2414,-80.26,20.05,43.63,4.29
-184.45,-122.38,767.58,0.02,0.02,-0.03,50235,3102,2413,-90.21,-10.91,-51.17,4.29
-185.06,-121.83,769.17,-0.05,-0.02,-0.05,50242,3113,2413,-36.4,41.59,60.19,4.29
-187.93,-123.47,765.75,-0.03,-0.09,-0.05,50242,3106,2399,-83.65,-29.65,-27.65,4.29
-185.97,-125.73,768.19,-0.04,-0.02,0.02,50250,3088,2395,-67.74,62.66,10.18,4.29
-186.28,-125.49,764.65,0.0,-0.02,0.0,50260,3109,2402,-114.47,-21.73,15.55,4.29
-187.68,-123.23,763.92,0.02,-0.08,-0.08,50250,3088,2406,-102.57,46.68,-40.92,4.29
-183.65,-122.25,767.03,0.01,-0.14,0.07,50241,3111,2401,-120.7,-10.79,34.36,4.29
-184.14,-122.99,764.1,-0.09,-0.15,-0.05,50246,3109,2406,-103.98,20.63,-52.86,4.29
-185.55,-119.93,768.37,0.01,0.11,0.06,50273,3129,2407,-98.36,7.49,39.27,4.29
-186.1,-122.8,762.57,-0.08,-0.08,-0.05,50260,3099,2409,-97.1,1.38,-54.54,4.3
-185.55,-122.56,767.21,0.03,0.02,0.03,50246,3116,2402,-61.06,30.27,50.9,4.29
-188.29,-125.18,765.5,0.02,-0.23,0.02,50241,3097,2407,-85.32,-20.77,-44.39,4.29
-184.2,-126.16,768.62,0.02,-0.02,-0.1,50269,3101,2411,-28.77,52.0,57.09,4.29
-188.29,-125.12,760.68,-0.05,-0.03,-0.02,50250,3109,2416,-94.26,-28.7,-5.9,4.29
-185.3,-121.09,766.72,-0.01,0.0,-0.13,50242,3092,2409,-101.12,54.76,-25.19,4.29
-185.42,-120.54,767.82,0.08,-0.08,0.0,50269,3093,2401,-118.59,-18.97,23.96,4.29
-186.83,-125.24,765.26,0.04,-0.08,0.01,50250,3106,2406,-105.51,37.4,-47.55,4.29
-186.89,-122.74,766.66,-0.06,0.03,-0.01,50253,3102,2413,-115.89,-6.1,36.31,4.29
-187.87,-122.56,763.18,-0.14,-0.06,0.11,50250,3113,2409,-103.16,14.95,-54.11,4.29
-188.42,-124.88,761.72,0.0,-0.26,-0.08,50246,3102,2413,-88.8,14.47,41.13,4.29
-186.77,-120.18,766.97,0.01,-0.05,-0.06,50262,3104,2411,-93.41,-5.14,-52.97,4.29
-183.53,-122.13,766.66,-0.01,0.03,-0.06,50248,3104,2404,-47.64,36.55,55.88,4.29
-186.71,-123.17,767.4,-0.08,-0.1,0.0,50269,3104,2401,-83.3,-26.39,-36.52,4.29
-185.18,-122.62,766.54,-0.11,-0.11,-0.04,50235,3085,2420,-41.81,60.12,39.12,4.29
-186.58,-124.69,766.42,0.0,-0.11,0.03,50239,3113,2409,-106.07,-24.75,8.02,4.29
-187.19,-123.35,763.67,-0.02,-0.05,-0.11,50264,3116,2409,-105.09,50.17,-36.36,4.29
-184.81,-120.61,765.26,-0.11,-0.05,-0.13,50246,3106,2406,-120.3,-13.96,31.14,4.29
-181.7,-119.51,770.57,-0.07,-0.08,-0.02,50264,3106,2389,-105.05,26.27,-50.86,4.29
-189.82,-125.31,768.19,0.06,-0.14,-0.06,50242,3113,2409,-105.66,1.87,37.0,4.29
-185.91,-124.15,765.08,-0.04,-0.05,-0.02,50273,3108,2407,-99.63,7.4,-54.74,4.29
-187.01,-124.51,764.53,0.0,0.01,-0.01,50239,3109,2406,-74.54,23.48,45.34,4.29
-184.27,-121.09,765.69,-0.01,0.03,-0.02,50232,3092,2406,-88.59,-14.12,-49.19,4.29
-186.83,-124.27,762.51,0.03,0.0,-0.08,50267,3095,2399,-31.67,44.94,60.71,4.29
-186.52,-123.29,764.16,-0.04,0.03,-0.02,50257,3102,2409,-86.03,-30.28,-20.38,4.29
-184.75,-126.65,765.75,-0.11,-0.15,-0.02,50250,3095,2395,-84.51,60.36,-7.48,4.29
-187.01,-124.76,767.52,-0.04,-0.08,0.03,50260,3099,2413,-117.28,-20.86,18.75,4.29
-187.81,-121.89,760.38,0.05,-0.02,-0.06,50255,3101,2390,-102.64,44.32,-43.1,4.29
-186.77,-124.27,765.2,-0.07,-0.07,0.05,50239,3095,2413,-119.97,-9.42,34.92,4.29
-187.56,-125.55,762.94,-0.05,-0.09,-0.03,50251,3097,2394,-103.6,19.11,-53.5,4.29
-185.55,-123.41,766.78,0.0,-0.09,0.03,50250,3099,2409,-96.32,9.11,39.53,4.29
-190.67,-126.22,760.5,0.0,-0.05,-0.05,50257,3102,2402,-96.79,0.43,-54.49,4.3
-188.05,-126.34,758.54,-0.08,0.06,-0.11,50242,3120,2402,-58.15,31.74,51.7,4.29
-188.72,-124.08,761.72,-0.05,-0.08,-0.02,50255,3111,2411,-85.13,-21.73,-42.67,4.29
-186.34,-125.37,765.26,-0.04,-0.11,-0.02,50246,3109,2416,-30.01,53.78,54.6,4.29
-188.84,-124.45,765.56,-0.06,0.01,-0.02,50242,3102,2399,-96.69,-27.9,-2.45,4.29
-185.42,-122.56,764.83,0.0,-0.01,-0.01,50242,3106,2416,-103.25,53.5,-28.59,4.29
-188.9,-122.74,764.95,-0.05,-0.08,-0.02,50250,3106,2409,-118.96,-17.66,25.31,4.29
-185.55,-122.13,764.04,0.06,-0.05,-0.08,50248,3097,2411,-105.24,35.22,-48.05,4.29
-187.81,-127.01,766.78,0.02,-0.11,0.0,50269,3101,2401,-114.57,-5.13,35.72,4.29
-192.87,-125.79,768.68,-0.03,0.14,-0.37,50242,3106,2416,-102.97,14.95,-54.19,4.29
-184.02,-122.38,766.97,0.02,-0.21,-0.04,50239,3109,2399,-89.36,13.96,41.35,4.29
-190.31,-124.39,765.5,-0.02,0.02,-0.02,50234,3118,2407,-94.04,-4.49,-53.43,4.29
-187.44,-125.85,764.4,0.02,-0.01,-0.08,50239,3109,2402,-47.65,36.29,56.0,4.29
-185.3,-124.45,766.11,-0.02,-0.08,-0.02,50237,3115,2411,-83.15,-26.35,-36.83,4.29
-187.07,-126.53,762.33,0.03,-0.03,-0.07,50258,3097,2401,-40.67,60.42,39.58,4.29
-189.27,-124.94,763.67,0.04,-0.14,-0.07,50255,3093,2411,-106.35,-24.05,8.85,4.29
-190.12,-123.23,761.84,-0.02,-0.06,0.04,50246,3099,2413,-105.72,49.53,-37.21,4.29
-184.88,-123.35,763.79,0.06,-0.31,-0.08,50228,3099,2406,-120.29,-13.74,31.12,4.29
-188.66,-123.35,764.16,0.01,-0.05,0.01,50235,3109,2395,-105.54,26.73,-51.28,4.29
-187.19,-122.19,768.07,0.09,-0.04,0.07,50228,3109,2399,-106.09,1.58,37.74,4.29
-185.91,-125.61,763.31,-0.1,0.07,0.03,50241,3108,2411,-99.89,7.09,-55.09,4.29
-186.83,-123.23,763.12,0.07,-0.09,0.04,50262,3104,2407,-73.42,23.97,46.22,4.29
-184.81,-122.86,764.95,-0.15,-0.08,0.03,50239,3099,2399,-88.07,-14.93,-49.28,4.29
-185.3,-124.33,764.1,0.06,-0.06,-0.02,50242,3102,2416,-30.32,45.34,61.47,4.29
-186.22,-123.23,761.35,-0.08,-0.11,0.02,50241,3108,2407,-86.02,-30.58,-19.43,4.29
-189.82,-125.18,762.7,0.04,-0.05,0.05,50248,3097,2407,-87.11,60.34,-10.28,4.29
-185.55,-123.17,761.78,-0.08,-0.04,0.05,50237,3115,2414,-117.7,-20.67,20.0,4.29
-186.52,-123.6,770.14,0.03,0.07,-0.01,50235,3116,2402,-103.29,42.65,-44.23,4.29
-185.97,-125.06,765.26,-0.06,-0.11,-0.03,50241,3115,2414,-119.28,-8.88,35.07,4.29
-183.47,-123.17,765.56,-0.08,-0.14,0.1,50221,3109,2402,-103.01,18.1,-53.55,4.29
-186.89,-124.94,762.02,-0.05,0.05,-0.11,50242,3113,2402,-94.75,10.35,39.37,4.29
-187.01,-124.21,765.5,-0.03,-0.03,-0.05,50228,3106,2416,-95.63,-0.93,-54.13,4.29
-189.76,-124.88,764.16,-0.01,0.02,-0.02,50241,3104,2411,-55.49,33.07,52.64,4.29
-187.07,-127.08,761.72,-0.03,0.08,-0.12,50258,3093,2411,-84.73,-22.96,-41.29,4.29
-187.13,-124.02,763.43,-0.02,-0.13,0.0,50239,3113,2395,-30.96,55.48,52.51,4.29
-188.11,-123.47,765.08,-0.05,-0.1,0.05,50248,3118,2404,-98.76,-27.34,0.75,4.29
-186.71,-123.35,765.56,0.08,0.02,-0.02,50226,3108,2411,-105.33,52.19,-31.78,4.29
-186.65,-125.0,766.42,-0.02,-0.08,-0.05,50235,3106,2406,-119.4,-16.81,26.86,4.29
-187.44,-123.47,761.54,-0.01,-0.04,-0.04,50239,3120,2399,-105.67,33.25,-49.19,4.29
-190.49,-123.96,760.44,-0.03,0.0,-0.06,50244,3108,2397,-112.49,-3.27,36.47,4.29
-186.65,-123.96,765.32,-0.03,0.05,0.07,50244,3108,2397,-101.67,12.18,-54.62,4.29
-186.71,-122.86,762.45,-0.08,-0.03,-0.03,50257,3106,2413,-84.03,17.66,42.56,4.29
-189.03,-125.92,762.45,-0.02,0.05,-0.07,50216,3104,2411,-92.12,-8.0,-52.38,4.29
-187.68,-123.41,766.05,-0.05,0.03,0.02,50241,3097,2421,-40.5,39.29,59.03,4.29
-187.13,-123.84,766.72,-0.01,-0.13,-0.12,50244,3093,2404,-82.83,-28.6,-31.93,4.29
-187.01,-124.45,764.65,0.08,-0.05,0.01,50260,3102,2402,-55.34,62.72,23.41,4.29
-186.28,-123.72,765.44,0.01,-0.04,0.05,50210,3099,2413,-111.44,-22.62,13.51,4.3
-185.12,-122.56,765.38,-0.04,-0.01,0.01,50241,3111,2411,-104.11,47.19,-39.86,4.29
-187.19,-122.56,759.83,0.03,-0.06,0.13,50246,3106,2406,-120.25,-11.44,33.0,4.29
-186.58,-121.83,766.78,-0.02,0.05,0.08,50250,3085,2392,-104.24,22.78,-52.16,4.29
-189.33,-123.29,765.93,-0.04,-0.11,-0.14,50234,3101,2397,-101.32,5.38,38.12,4.29
-191.59,-127.44,761.9,-0.12,-0.31,0.24,50244,3115,2401,-98.58,4.28,-54.96,4.29
-187.81,-123.84,766.54,-0.08,-0.1,0.05,50237,3111,2390,-67.21,27.28,48.41,4.29
-192.26,-126.16,763.79,0.01,-0.06,-0.02,50241,3097,2394,-87.37,-17.24,-46.96,4.29
-186.58,-123.66,762.94,-0.02,0.01,0.03,50241,3097,2401,-28.58,48.05,60.55,4.29
-186.52,-124.63,762.39,-0.05,0.02,-0.04,50226,3101,2407,-89.01,-30.23,-13.74,4.29
-186.28,-123.35,763.37,-0.1,-0.05,0.03,50242,3088,2399,-94.86,57.72,-18.1,4.29
-185.42,-122.13,766.72,-0.05,-0.06,-0.03,50237,3090,2411,-118.25,-20.22,21.53,4.29
-189.64,-125.61,763.79,-0.02,-0.09,-0.02,50235,3092,2402,-104.63,41.08,-45.93,4.29
-184.81,-124.69,765.14,0.08,-0.02,0.05,50242,3106,2402,-118.44,-8.02,35.91,4.29
-188.66,-124.63,763.37,-0.03,0.08,-0.05,50251,3101,2425,-103.76,17.04,-53.81,4.29
-187.68,-122.92,764.1,-0.01,0.09,-0.05,50262,3108,2414,-92.42,11.95,40.47,4.29
-185.18,-124.21,768.37,-0.07,-0.01,-0.02,50241,3104,2404,-94.43,-3.13,-54.01,4.29
-187.87,-125.0,761.6,0.0,-0.05,-0.03,50253,3106,2413,-50.54,35.08,54.84,4.29
-187.81,-125.55,765.87,0.01,0.04,-0.08,50246,3095,2399,-83.78,-24.98,-38.63,4.29
-188.6,-124.02,762.39,0.07,-0.22,-0.03,50264,3106,2409,-35.88,58.57,45.68,4.29
-189.45,-125.61,760.44,0.06,-0.06,0.02,50257,3116,2420,-103.4,-25.29,5.48,4.29
-189.15,-125.24,765.62,-0.03,-0.14,0.07,50237,3108,2407,-105.37,50.9,-34.94,4.29
-187.19,-125.0,764.4,-0.06,0.02,-0.13,50264,3102,2402,-120.15,-14.85,29.35,4.29
-188.11,-122.01,765.2,0.05,-0.14,0.0,50255,3104,2421,-105.3,29.38,-50.24,4.29
-186.65,-125.92,767.64,-0.02,0.05,-0.03,50250,3099,2413,-109.38,-0.99,36.62,4.29
-188.11,-125.37,764.47,-0.04,-0.06,0.02,50241,3111,2404,-101.02,10.26,-54.83,4.29
-190.12,-122.19,761.47,-0.07,0.03,-0.14,50251,3101,2404,-79.74,20.41,43.97,4.29
-188.17,-125.18,763.12,-0.05,-0.01,0.0,50239,3113,2406,-90.42,-10.9,-51.27,4.29
-183.9,-120.54,767.09,-0.15,-0.03,-0.09,50283,3111,2411,-36.14,41.44,60.63,4.29
-186.71,-126.1,764.83,-0.02,0.05,-0.09,50257,3113,2409,-83.28,-29.84,-28.17,4.29
-188.54,-123.11,764.71,0.0,-0.02,-0.13,50246,3120,2416,-66.47,63.11,11.45,4.29
-184.51,-125.49,765.5,0.01,0.02,-0.11,50239,3095,2406,-114.36,-21.95,15.96,4.29
-184.39,-122.44,766.24,0.1,-0.07,0.0,50232,3092,2416,-103.12,45.94,-41.23,4.29
-186.71,-124.94,765.2,0.05,-0.05,0.02,50246,3106,2406,-120.37,-10.6,33.77,4.29
-185.3,-124.08,764.89,-0.05,-0.1,-0.06,50244,3108,2411,-103.61,21.1,-52.85,4.29
-185.18,-126.34,765.44,-0.11,-0.14,-0.11,50255,3090,2401,-99.67,6.65,38.29,4.29
-189.76,-123.54,764.28,-0.08,0.02,-0.04,50241,3104,2414,-97.8,3.05,-54.49,4.29
-185.85,-124.88,761.6,-0.04,-0.02,-0.03,50230,3104,2411,-65.02,28.59,48.74,4.29
-187.07,-124.21,761.96,-0.02,0.06,-0.07,50230,3104,2407,-86.61,-18.67,-45.66,4.29
-185.79,-124.88,764.4,-0.07,-0.08,0.05,50226,3111,2397,-28.68,49.75,58.95,4.29
